"","subject","cell","nucl_combination","position_count","umi_count","unique_combinations"
"1","K1B_S144-LC","TGCGTGGCACAAGACG","372:C, 395:C, 383:C",3,16,3
"2","K1B_S144-LC","TGCGTGGCACAAGACG","372:T, 395:C, 383:A",3,1,3
"3","K1B_S144-LC","TGCGTGGCACAAGACG","372:T, 395:G, 383:A",3,16,3
"4","K6B_S13530-HC","ACTGAGTCAATCTACG","367:T, 291:G, 490:G, 262:G, 317:G",5,24,4
"5","K6B_S13530-HC","ACTGAGTCAATCTACG","367:C, 291:C, 490:T, 262:A, 317:T",5,44,4
"6","K6B_S13530-HC","ACTGAGTCAATCTACG","367:C, 291:C, 490:G, 262:A, 317:T",5,1,4
"7","K6B_S13530-HC","ACTGAGTCAATCTACG","367:C, 291:G, 490:G, 262:G, 317:G",5,1,4
"8","K6B_S13530-HC","AGTGTCAAGAGGTTAT","255:C, 379:G",2,77,3
"9","K6B_S13530-HC","AGTGTCAAGAGGTTAT","255:T, 379:A",2,36,3
"10","K6B_S13530-HC","AGTGTCAAGAGGTTAT","255:C, 379:A",2,1,3
"11","K6B_S13530-HC","AGTTGGTTCTGATACG","475:G, 291:G, 255:C, 261:A, 367:C, 400:A",6,53,3
"12","K6B_S13530-HC","AGTTGGTTCTGATACG","475:A, 291:C, 255:T, 261:G, 367:T, 400:G",6,104,3
"13","K6B_S13530-HC","AGTTGGTTCTGATACG","475:A, 291:C, 255:T, 261:G, 367:C, 400:G",6,1,3
"14","K6B_S13530-HC","CACAGGCAGGTGCACA","377:T, 396:A, 145:A, 418:C",4,46,3
"15","K6B_S13530-HC","CACAGGCAGGTGCACA","377:C, 396:C, 145:G, 418:T",4,28,3
"16","K6B_S13530-HC","CACAGGCAGGTGCACA","377:T, 396:C, 145:A, 418:C",4,1,3
"17","K6B_S13530-HC","CATCGGGAGCGCTTAT","377:T, 172:G, 255:G, 295:C, 316:C, 367:T",6,17,3
"18","K6B_S13530-HC","CATCGGGAGCGCTTAT","377:C, 172:A, 255:C, 295:T, 316:T, 367:C",6,13,3
"19","K6B_S13530-HC","CATCGGGAGCGCTTAT","377:T, 172:G, 255:G, 295:C, 316:C, 367:C",6,1,3
"20","K6B_S13530-HC","CGTAGGCAGCGCTCCA","463:A, 320:G, 346:T",3,38,3
"21","K6B_S13530-HC","CGTAGGCAGCGCTCCA","463:C, 320:A, 346:C",3,52,3
"22","K6B_S13530-HC","CGTAGGCAGCGCTCCA","463:A, 320:G, 346:C",3,1,3
"23","K6B_S13530-HC","CTCGAGGCATCCGGGT","207:T, 289:C, 390:A, 396:G",4,31,3
"24","K6B_S13530-HC","CTCGAGGCATCCGGGT","207:G, 289:T, 390:G, 396:C",4,11,3
"25","K6B_S13530-HC","CTCGAGGCATCCGGGT","207:T, 289:C, 390:G, 396:G",4,1,3
"26","K6B_S13530-HC","CTTAACTTCGGGAGTA","481:G, 166:C",2,21,3
"27","K6B_S13530-HC","CTTAACTTCGGGAGTA","481:T, 166:T",2,19,3
"28","K6B_S13530-HC","CTTAACTTCGGGAGTA","481:G, 166:T",2,1,3
"29","K6B_S13530-HC","CTTCTCTAGCGCCTTG","178:G, 208:C, 377:T, 145:A",4,24,3
"30","K6B_S13530-HC","CTTCTCTAGCGCCTTG","178:T, 208:T, 377:C, 145:G",4,12,3
"31","K6B_S13530-HC","CTTCTCTAGCGCCTTG","178:T, 208:C, 377:C, 145:G",4,1,3
"32","K6B_S13530-HC","CTTGGCTAGTGTCTCA","145:G, 149:G, 377:C",3,22,3
"33","K6B_S13530-HC","CTTGGCTAGTGTCTCA","145:A, 149:A, 377:T",3,35,3
"34","K6B_S13530-HC","CTTGGCTAGTGTCTCA","145:A, 149:A, 377:C",3,1,3
"35","K6B_S13530-HC","GACCAATCATGAGCGA","226:T, 172:G, 229:T, 317:T, 367:C",5,29,3
"36","K6B_S13530-HC","GACCAATCATGAGCGA","226:C, 172:A, 229:C, 317:G, 367:T",5,18,3
"37","K6B_S13530-HC","GACCAATCATGAGCGA","226:C, 172:A, 229:C, 317:T, 367:C",5,1,3
"38","K6B_S13530-HC","GATCGCGCACAGATTC","377:T, 396:A, 145:A, 418:C, 291:G, 480:T",6,25,3
"39","K6B_S13530-HC","GATCGCGCACAGATTC","377:C, 396:C, 145:G, 418:T, 291:C, 480:C",6,42,3
"40","K6B_S13530-HC","GATCGCGCACAGATTC","377:C, 396:C, 145:G, 418:T, 291:G, 480:T",6,1,3
"41","K6B_S13530-HC","TGTGGTAGTACCATCA","208:C, 380:A",2,65,3
"42","K6B_S13530-HC","TGTGGTAGTACCATCA","208:T, 380:C",2,15,3
"43","K6B_S13530-HC","TGTGGTAGTACCATCA","208:C, 380:C",2,2,3
"44","K6B_S13530-HC","TGTGGTATCAGCTTAG","187:C, 145:G, 196:C, 254:A, 377:C",5,28,3
"45","K6B_S13530-HC","TGTGGTATCAGCTTAG","187:T, 145:A, 196:G, 254:G, 377:T",5,54,3
"46","K6B_S13530-HC","TGTGGTATCAGCTTAG","187:T, 145:A, 196:G, 254:G, 377:C",5,1,3
"47","K6B_S13530-HC","TTGGCAAGTTTGGCGC","367:C, 145:G",2,27,3
"48","K6B_S13530-HC","TTGGCAAGTTTGGCGC","367:T, 145:G",2,10,3
"49","K6B_S13530-HC","TTGGCAAGTTTGGCGC","367:C, 145:A",2,9,3
"50","K6B_S13530-LC","ACCAGTACAGGGATTG","274:C, 372:A, 207:G, 368:G, 404:G, 247:G",6,31,3
"51","K6B_S13530-LC","ACCAGTACAGGGATTG","274:T, 372:G, 207:A, 368:A, 404:A, 247:A",6,14,3
"52","K6B_S13530-LC","ACCAGTACAGGGATTG","274:C, 372:A, 207:G, 368:G, 404:G, 247:A",6,14,3
"53","K6B_S13530-LC","ACCGTAAGTACCCAAT","122:A, 163:T, 306:C, 202:T",4,34,4
"54","K6B_S13530-LC","ACCGTAAGTACCCAAT","122:G, 163:C, 306:T, 202:C",4,50,4
"55","K6B_S13530-LC","ACCGTAAGTACCCAAT","122:A, 163:T, 306:C, 202:C",4,1,4
"56","K6B_S13530-LC","ACCGTAAGTACCCAAT","122:A, 163:T, 306:T, 202:T",4,1,4
"57","K6B_S13530-LC","ATCTACTGTATAGTAG","122:A, 192:C, 196:T, 207:A",4,15,3
"58","K6B_S13530-LC","ATCTACTGTATAGTAG","122:G, 192:T, 196:C, 207:G",4,27,3
"59","K6B_S13530-LC","ATCTACTGTATAGTAG","122:G, 192:T, 196:C, 207:A",4,1,3
"60","K6B_S13530-LC","CATTCGCTCCAGAGGA","274:T, 372:G, 207:A, 368:A, 214:T",5,15,3
"61","K6B_S13530-LC","CATTCGCTCCAGAGGA","274:C, 372:A, 207:G, 368:G, 214:A",5,8,3
"62","K6B_S13530-LC","CATTCGCTCCAGAGGA","274:C, 372:G, 207:A, 368:A, 214:A",5,1,3
"63","K6B_S13530-LC","CGGAGCTAGATCACGG","122:A, 196:C, 278:T, 306:T, 368:A, 207:A, 187:T, 192:C",8,73,4
"64","K6B_S13530-LC","CGGAGCTAGATCACGG","122:G, 196:T, 278:A, 306:C, 368:G, 207:G, 187:C, 192:T",8,24,4
"65","K6B_S13530-LC","CGGAGCTAGATCACGG","122:G, 196:C, 278:T, 306:T, 368:G, 207:G, 187:C, 192:T",8,1,4
"66","K6B_S13530-LC","CGGAGCTAGATCACGG","122:G, 196:C, 278:T, 306:T, 368:A, 207:A, 187:T, 192:C",8,1,4
"67","K6B_S13530-LC","CTCCTAGGTAAACACA","238:C, 256:A",2,22,3
"68","K6B_S13530-LC","CTCCTAGGTAAACACA","238:T, 256:A",2,1,3
"69","K6B_S13530-LC","CTCCTAGGTAAACACA","238:T, 256:G",2,13,3
"70","K6B_S13530-LC","GACCAATCATGAGCGA","227:G, 372:G, 207:A, 368:A, 306:T",5,12,4
"71","K6B_S13530-LC","GACCAATCATGAGCGA","227:A, 372:A, 207:G, 368:G, 306:C",5,10,4
"72","K6B_S13530-LC","GACCAATCATGAGCGA","227:G, 372:A, 207:A, 368:A, 306:T",5,1,4
"73","K6B_S13530-LC","GACCAATCATGAGCGA","227:G, 372:A, 207:G, 368:G, 306:T",5,1,4
"74","K6B_S13530-LC","GCATACAGTTAGTGGG","122:A, 187:T, 207:A",3,6,6
"75","K6B_S13530-LC","GCATACAGTTAGTGGG","122:G, 187:C, 207:G",3,22,6
"76","K6B_S13530-LC","GCATACAGTTAGTGGG","122:G, 187:C, 207:A",3,16,6
"77","K6B_S13530-LC","GCATACAGTTAGTGGG","122:G, 187:T, 207:G",3,3,6
"78","K6B_S13530-LC","GCATACAGTTAGTGGG","122:A, 187:C, 207:G",3,7,6
"79","K6B_S13530-LC","GCATACAGTTAGTGGG","122:G, 187:T, 207:A",3,1,6
"80","K6B_S13530-LC","GCGCAACGTCAAGCGA","274:T, 207:A, 368:A, 184:G",4,24,3
"81","K6B_S13530-LC","GCGCAACGTCAAGCGA","274:C, 207:G, 368:G, 184:A",4,10,3
"82","K6B_S13530-LC","GCGCAACGTCAAGCGA","274:C, 207:G, 368:A, 184:A",4,1,3
"83","K6B_S13530-LC","GGGAGATAGGACTGGT","274:C, 207:G",2,9,3
"84","K6B_S13530-LC","GGGAGATAGGACTGGT","274:T, 207:A",2,9,3
"85","K6B_S13530-LC","GGGAGATAGGACTGGT","274:C, 207:A",2,1,3
"86","K6B_S13530-LC","GTGCGGTAGGCGACAT","404:G, 368:G, 372:A, 207:G, 184:G",5,22,4
"87","K6B_S13530-LC","GTGCGGTAGGCGACAT","404:A, 368:A, 372:G, 207:A, 184:A",5,28,4
"88","K6B_S13530-LC","GTGCGGTAGGCGACAT","404:A, 368:A, 372:A, 207:A, 184:A",5,1,4
"89","K6B_S13530-LC","GTGCGGTAGGCGACAT","404:G, 368:A, 372:G, 207:A, 184:A",5,1,4
"90","K6B_S13530-LC","TACTTACGTAGGGTAC","202:T, 207:G",2,36,3
"91","K6B_S13530-LC","TACTTACGTAGGGTAC","202:C, 207:A",2,46,3
"92","K6B_S13530-LC","TACTTACGTAGGGTAC","202:T, 207:A",2,1,3
"93","K6B_S13530-LC","TGTGGTAGTACCATCA","306:T, 196:C, 207:A",3,22,3
"94","K6B_S13530-LC","TGTGGTAGTACCATCA","306:C, 196:T, 207:G",3,86,3
"95","K6B_S13530-LC","TGTGGTAGTACCATCA","306:T, 196:C, 207:G",3,1,3
"96","K6B_S13530-LC","TTGCCGTGTCTCTCTG","122:G, 187:C, 207:A, 368:G",4,8,7
"97","K6B_S13530-LC","TTGCCGTGTCTCTCTG","122:G, 187:C, 207:A, 368:A",4,3,7
"98","K6B_S13530-LC","TTGCCGTGTCTCTCTG","122:G, 187:C, 207:G, 368:G",4,8,7
"99","K6B_S13530-LC","TTGCCGTGTCTCTCTG","122:G, 187:T, 207:A, 368:G",4,3,7
"100","K6B_S13530-LC","TTGCCGTGTCTCTCTG","122:G, 187:T, 207:G, 368:G",4,5,7
"101","K6B_S13530-LC","TTGCCGTGTCTCTCTG","122:A, 187:T, 207:A, 368:A",4,6,7
"102","K6B_S13530-LC","TTGCCGTGTCTCTCTG","122:A, 187:C, 207:G, 368:G",4,3,7
"103","K7B_S10000-HC","ATCACGAAGCGATGAC","186:G, 391:C",2,12,3
"104","K7B_S10000-HC","ATCACGAAGCGATGAC","186:A, 391:G",2,10,3
"105","K7B_S10000-HC","ATCACGAAGCGATGAC","186:G, 391:G",2,1,3
"106","K7B_S10000-HC","CACACCTAGTGAAGAG","195:T, 306:C, 399:C",3,14,3
"107","K7B_S10000-HC","CACACCTAGTGAAGAG","195:C, 306:G, 399:G",3,18,3
"108","K7B_S10000-HC","CACACCTAGTGAAGAG","195:C, 306:G, 399:C",3,1,3
"109","K7B_S10000-HC","GATCGCGGTACAGCAG","194:A, 306:G",2,10,3
"110","K7B_S10000-HC","GATCGCGGTACAGCAG","194:G, 306:G",2,13,3
"111","K7B_S10000-HC","GATCGCGGTACAGCAG","194:G, 306:C",2,21,3
"112","K7B_S10000-HC","TCAGGATTCTTGAGAC","382:C, 186:G",2,30,3
"113","K7B_S10000-HC","TCAGGATTCTTGAGAC","382:A, 186:A",2,21,3
"114","K7B_S10000-HC","TCAGGATTCTTGAGAC","382:A, 186:G",2,1,3
"115","K7B_S10000-LC","AACACGTCAGCTGGCT","185:G, 213:C, 228:G",3,64,3
"116","K7B_S10000-LC","AACACGTCAGCTGGCT","185:A, 213:A, 228:A",3,66,3
"117","K7B_S10000-LC","AACACGTCAGCTGGCT","185:G, 213:C, 228:A",3,1,3
"118","K7B_S10000-LC","ACACCCTCACGAAAGC","368:C, 422:G",2,14,3
"119","K7B_S10000-LC","ACACCCTCACGAAAGC","368:A, 422:C",2,18,3
"120","K7B_S10000-LC","ACACCCTCACGAAAGC","368:A, 422:G",2,1,3
"121","K7B_S10000-LC","ATCTGCCCATTTGCCC","204:T, 276:A",2,35,3
"122","K7B_S10000-LC","ATCTGCCCATTTGCCC","204:C, 276:G",2,19,3
"123","K7B_S10000-LC","ATCTGCCCATTTGCCC","204:T, 276:G",2,12,3
"124","K7B_S10000-LC","CATATTCCAAGAAGAG","136:A, 164:A, 368:A, 159:A, 127:C, 158:A",6,13,3
"125","K7B_S10000-LC","CATATTCCAAGAAGAG","136:G, 164:C, 368:G, 159:G, 127:G, 158:G",6,9,3
"126","K7B_S10000-LC","CATATTCCAAGAAGAG","136:G, 164:C, 368:A, 159:G, 127:G, 158:G",6,1,3
"127","K7B_S10000-LC","CCTAAAGAGGCATGTG","219:C, 202:C",2,36,3
"128","K7B_S10000-LC","CCTAAAGAGGCATGTG","219:G, 202:G",2,32,3
"129","K7B_S10000-LC","CCTAAAGAGGCATGTG","219:C, 202:G",2,1,3
"130","K7B_S10000-LC","CGGAGCTCACAGATTC","345:A, 306:C",2,18,3
"131","K7B_S10000-LC","CGGAGCTCACAGATTC","345:G, 306:G",2,22,3
"132","K7B_S10000-LC","CGGAGCTCACAGATTC","345:G, 306:C",2,1,3
"133","K7B_S10000-LC","CGTTGGGTCCTTTCTC","222:C, 117:G, 202:T",3,28,4
"134","K7B_S10000-LC","CGTTGGGTCCTTTCTC","222:C, 117:G, 202:G",3,1,4
"135","K7B_S10000-LC","CGTTGGGTCCTTTCTC","222:T, 117:G, 202:G",3,21,4
"136","K7B_S10000-LC","CGTTGGGTCCTTTCTC","222:C, 117:T, 202:G",3,35,4
"137","K7B_S10000-LC","CTGAAGTAGCTGATAA","185:A, 189:T, 329:T, 330:A, 335:G, 345:A, 346:G, 367:C, 234:G",9,64,5
"138","K7B_S10000-LC","CTGAAGTAGCTGATAA","185:G, 189:C, 329:C, 330:C, 335:C, 345:G, 346:C, 367:G, 234:A",9,45,5
"139","K7B_S10000-LC","CTGAAGTAGCTGATAA","185:A, 189:T, 329:C, 330:C, 335:C, 345:A, 346:G, 367:C, 234:A",9,1,5
"140","K7B_S10000-LC","CTGAAGTAGCTGATAA","185:A, 189:T, 329:C, 330:C, 335:C, 345:G, 346:C, 367:G, 234:G",9,1,5
"141","K7B_S10000-LC","CTGAAGTAGCTGATAA","185:A, 189:C, 329:T, 330:A, 335:G, 345:A, 346:G, 367:C, 234:G",9,1,5
"142","K7B_S10000-LC","CTGTGCTTCTATCCCG","185:A, 153:A, 424:C",3,62,3
"143","K7B_S10000-LC","CTGTGCTTCTATCCCG","185:G, 153:G, 424:G",3,33,3
"144","K7B_S10000-LC","CTGTGCTTCTATCCCG","185:A, 153:A, 424:G",3,1,3
"145","K7B_S10000-LC","CTTAGGAGTGGCAAAC","228:C, 185:A, 309:C",3,30,3
"146","K7B_S10000-LC","CTTAGGAGTGGCAAAC","228:G, 185:G, 309:G",3,17,3
"147","K7B_S10000-LC","CTTAGGAGTGGCAAAC","228:G, 185:G, 309:C",3,1,3
"148","K7B_S10000-LC","GACTGCGCAGCTGTAT","445:T, 143:G, 153:G, 441:G, 158:G, 171:G",6,12,4
"149","K7B_S10000-LC","GACTGCGCAGCTGTAT","445:G, 143:G, 153:G, 441:C, 158:G, 171:G",6,5,4
"150","K7B_S10000-LC","GACTGCGCAGCTGTAT","445:G, 143:C, 153:A, 441:C, 158:A, 171:C",6,5,4
"151","K7B_S10000-LC","GACTGCGCAGCTGTAT","445:T, 143:C, 153:A, 441:G, 158:A, 171:C",6,1,4
"152","K7B_S10000-LC","GCATGCGCACCAGGCT","211:A, 375:T",2,37,3
"153","K7B_S10000-LC","GCATGCGCACCAGGCT","211:G, 375:C",2,34,3
"154","K7B_S10000-LC","GCATGCGCACCAGGCT","211:A, 375:C",2,1,3
"155","K7B_S10000-LC","GCTCCTAGTCAAACTC","185:G, 203:G, 225:G, 259:C, 261:C",5,35,4
"156","K7B_S10000-LC","GCTCCTAGTCAAACTC","185:G, 203:G, 225:G, 259:T, 261:T",5,1,4
"157","K7B_S10000-LC","GCTCCTAGTCAAACTC","185:C, 203:A, 225:A, 259:T, 261:T",5,12,4
"158","K7B_S10000-LC","GCTCCTAGTCAAACTC","185:G, 203:G, 225:G, 259:C, 261:T",5,1,4
"159","K7B_S10000-LC","GGACGTCAGGCACATG","117:A, 183:T, 222:C, 111:G, 185:C, 422:G, 447:A",7,18,4
"160","K7B_S10000-LC","GGACGTCAGGCACATG","117:G, 183:C, 222:T, 111:A, 185:G, 422:C, 447:G",7,14,4
"161","K7B_S10000-LC","GGACGTCAGGCACATG","117:A, 183:T, 222:C, 111:G, 185:C, 422:G, 447:G",7,2,4
"162","K7B_S10000-LC","GGACGTCAGGCACATG","117:G, 183:C, 222:T, 111:A, 185:G, 422:G, 447:G",7,1,4
"163","K7B_S10000-LC","GGTGCGTTCAACGGCC","315:T, 321:C, 367:G",3,10,3
"164","K7B_S10000-LC","GGTGCGTTCAACGGCC","315:T, 321:C, 367:C",3,27,3
"165","K7B_S10000-LC","GGTGCGTTCAACGGCC","315:A, 321:T, 367:G",3,19,3
"166","K7B_S10000-LC","GTCTCGTCACGGTTTA","136:A, 164:A, 368:A, 214:C",4,25,3
"167","K7B_S10000-LC","GTCTCGTCACGGTTTA","136:G, 164:C, 368:G, 214:G",4,29,3
"168","K7B_S10000-LC","GTCTCGTCACGGTTTA","136:G, 164:C, 368:A, 214:G",4,2,3
"169","K7B_S10000-LC","GTTCATTAGAAACGCC","193:T, 375:C, 378:C",3,11,4
"170","K7B_S10000-LC","GTTCATTAGAAACGCC","193:A, 375:T, 378:T",3,12,4
"171","K7B_S10000-LC","GTTCATTAGAAACGCC","193:A, 375:C, 378:T",3,1,4
"172","K7B_S10000-LC","GTTCATTAGAAACGCC","193:A, 375:C, 378:C",3,1,4
"173","K7B_S10000-LC","TAGAGCTGTATTCTCT","185:G, 225:G, 345:G, 346:C",4,39,3
"174","K7B_S10000-LC","TAGAGCTGTATTCTCT","185:A, 225:A, 345:A, 346:G",4,39,3
"175","K7B_S10000-LC","TAGAGCTGTATTCTCT","185:A, 225:A, 345:A, 346:C",4,1,3
"176","K7B_S10000-LC","TAGTGGTCATCTCCCA","117:T, 136:G, 156:A, 164:C, 183:C, 228:G, 368:G",7,12,3
"177","K7B_S10000-LC","TAGTGGTCATCTCCCA","117:G, 136:G, 156:G, 164:C, 183:T, 228:A, 368:A",7,12,3
"178","K7B_S10000-LC","TAGTGGTCATCTCCCA","117:T, 136:A, 156:A, 164:A, 183:C, 228:G, 368:A",7,20,3
"179","K7B_S10000-LC","TCGGGACTCACAAACC","185:G, 450:C, 174:T",3,21,3
"180","K7B_S10000-LC","TCGGGACTCACAAACC","185:A, 450:T, 174:C",3,24,3
"181","K7B_S10000-LC","TCGGGACTCACAAACC","185:A, 450:C, 174:C",3,1,3
"182","K7B_S10000-LC","TCTCATATCATCGATG","185:G, 186:C, 228:G, 183:C, 156:A, 365:C, 363:G, 184:A",8,15,3
"183","K7B_S10000-LC","TCTCATATCATCGATG","185:G, 186:T, 228:G, 183:C, 156:A, 365:G, 363:A, 184:A",8,22,3
"184","K7B_S10000-LC","TCTCATATCATCGATG","185:A, 186:C, 228:A, 183:T, 156:G, 365:C, 363:G, 184:G",8,18,3
"185","K7B_S10000-LC","TGACGGCCAGCTGTAT","357:G, 375:T",2,21,3
"186","K7B_S10000-LC","TGACGGCCAGCTGTAT","357:C, 375:C",2,6,3
"187","K7B_S10000-LC","TGACGGCCAGCTGTAT","357:G, 375:C",2,2,3
"188","K7B_S10000-LC","TGCGCAGGTTGTTTGG","202:G, 353:C",2,21,3
"189","K7B_S10000-LC","TGCGCAGGTTGTTTGG","202:A, 353:T",2,28,3
"190","K7B_S10000-LC","TGCGCAGGTTGTTTGG","202:G, 353:T",2,1,3
"191","K7B_S10000-LC","TTCTCAACACAGGTTT","185:G, 258:G",2,32,3
"192","K7B_S10000-LC","TTCTCAACACAGGTTT","185:A, 258:C",2,34,3
"193","K7B_S10000-LC","TTCTCAACACAGGTTT","185:G, 258:C",2,1,3
"194","K7B_S10000-LC","TTGGCAAAGTGTGAAT","180:C, 117:G, 156:G, 183:T, 228:A, 315:C, 136:G, 164:C",8,22,3
"195","K7B_S10000-LC","TTGGCAAAGTGTGAAT","180:G, 117:T, 156:A, 183:C, 228:G, 315:T, 136:G, 164:C",8,6,3
"196","K7B_S10000-LC","TTGGCAAAGTGTGAAT","180:G, 117:T, 156:A, 183:C, 228:G, 315:T, 136:A, 164:A",8,7,3
"197","K7B_S10000-LC","TTTACTGAGAGCTATA","127:C, 228:G",2,52,3
"198","K7B_S10000-LC","TTTACTGAGAGCTATA","127:A, 228:A",2,32,3
"199","K7B_S10000-LC","TTTACTGAGAGCTATA","127:A, 228:G",2,1,3
"200","K8B_S13553-LC","AAACCTGTCCTACAGA","278:C, 359:C, 464:A",3,36,3
"201","K8B_S13553-LC","AAACCTGTCCTACAGA","278:T, 359:G, 464:G",3,17,3
"202","K8B_S13553-LC","AAACCTGTCCTACAGA","278:C, 359:C, 464:G",3,1,3
"203","K8B_S13553-LC","ACTGTCCAGGGTCTCC","211:G, 207:C, 241:G, 198:G, 210:G, 351:A",6,21,3
"204","K8B_S13553-LC","ACTGTCCAGGGTCTCC","211:C, 207:T, 241:C, 198:C, 210:C, 351:C",6,30,3
"205","K8B_S13553-LC","ACTGTCCAGGGTCTCC","211:C, 207:T, 241:C, 198:C, 210:C, 351:A",6,1,3
"206","K8B_S13553-LC","ACTTGTTCAATCGAAA","173:G, 243:G, 273:A, 424:A",4,12,3
"207","K8B_S13553-LC","ACTTGTTCAATCGAAA","173:A, 243:A, 273:G, 424:G",4,9,3
"208","K8B_S13553-LC","ACTTGTTCAATCGAAA","173:G, 243:G, 273:A, 424:G",4,2,3
"209","K8B_S13553-LC","AGGGATGCAATGTAAG","211:G, 206:G, 143:A, 252:A, 419:G",5,12,3
"210","K8B_S13553-LC","AGGGATGCAATGTAAG","211:C, 206:T, 143:T, 252:T, 419:C",5,16,3
"211","K8B_S13553-LC","AGGGATGCAATGTAAG","211:C, 206:T, 143:T, 252:T, 419:G",5,1,3
"212","K8B_S13553-LC","ATTACTCGTCTAGGTT","294:A, 233:T, 238:A",3,23,3
"213","K8B_S13553-LC","ATTACTCGTCTAGGTT","294:G, 233:C, 238:T",3,12,3
"214","K8B_S13553-LC","ATTACTCGTCTAGGTT","294:A, 233:T, 238:T",3,1,3
"215","K8B_S13553-LC","CACACTCGTAAGAGAG","273:A, 342:G",2,18,3
"216","K8B_S13553-LC","CACACTCGTAAGAGAG","273:G, 342:A",2,51,3
"217","K8B_S13553-LC","CACACTCGTAAGAGAG","273:G, 342:G",2,1,3
"218","K8B_S13553-LC","CAGAGAGCATCCCATC","362:C, 336:C, 450:C",3,34,3
"219","K8B_S13553-LC","CAGAGAGCATCCCATC","362:T, 336:T, 450:G",3,20,3
"220","K8B_S13553-LC","CAGAGAGCATCCCATC","362:T, 336:T, 450:C",3,1,3
"221","K8B_S13553-LC","CATCAGAAGGGTGTGT","213:C, 200:A, 335:G, 203:T, 229:T",5,10,3
"222","K8B_S13553-LC","CATCAGAAGGGTGTGT","213:G, 200:G, 335:C, 203:A, 229:G",5,11,3
"223","K8B_S13553-LC","CATCAGAAGGGTGTGT","213:G, 200:G, 335:G, 203:A, 229:G",5,1,3
"224","K8B_S13553-LC","CCTATTAAGCTGAAAT","173:A, 243:A, 273:G, 362:T, 328:G",5,15,3
"225","K8B_S13553-LC","CCTATTAAGCTGAAAT","173:G, 243:G, 273:A, 362:C, 328:A",5,11,3
"226","K8B_S13553-LC","CCTATTAAGCTGAAAT","173:A, 243:A, 273:G, 362:T, 328:A",5,1,3
"227","K8B_S13553-LC","CCTATTAAGGCACATG","200:G, 295:C, 108:G",3,14,3
"228","K8B_S13553-LC","CCTATTAAGGCACATG","200:C, 295:A, 108:A",3,20,3
"229","K8B_S13553-LC","CCTATTAAGGCACATG","200:G, 295:A, 108:G",3,1,3
"230","K8B_S13553-LC","CGAGAAGAGGCTATCT","382:G, 321:C, 503:G, 286:A, 253:G, 467:T, 183:G",7,5,5
"231","K8B_S13553-LC","CGAGAAGAGGCTATCT","382:G, 321:C, 503:C, 286:A, 253:G, 467:T, 183:G",7,3,5
"232","K8B_S13553-LC","CGAGAAGAGGCTATCT","382:A, 321:T, 503:C, 286:G, 253:A, 467:T, 183:C",7,19,5
"233","K8B_S13553-LC","CGAGAAGAGGCTATCT","382:G, 321:C, 503:G, 286:A, 253:G, 467:A, 183:G",7,9,5
"234","K8B_S13553-LC","CGAGAAGAGGCTATCT","382:G, 321:C, 503:C, 286:A, 253:G, 467:A, 183:G",7,1,5
"235","K8B_S13553-LC","CTAAGACGTAGCCTAT","176:T, 337:T",2,31,3
"236","K8B_S13553-LC","CTAAGACGTAGCCTAT","176:G, 337:C",2,13,3
"237","K8B_S13553-LC","CTAAGACGTAGCCTAT","176:T, 337:C",2,2,3
"238","K8B_S13553-LC","CTAGCCTGTCTTCGTC","99:G, 209:C, 216:C, 235:T, 361:G, 408:A",6,9,5
"239","K8B_S13553-LC","CTAGCCTGTCTTCGTC","99:C, 209:T, 216:C, 235:C, 361:G, 408:G",6,19,5
"240","K8B_S13553-LC","CTAGCCTGTCTTCGTC","99:G, 209:C, 216:T, 235:C, 361:C, 408:G",6,7,5
"241","K8B_S13553-LC","CTAGCCTGTCTTCGTC","99:C, 209:T, 216:C, 235:C, 361:G, 408:A",6,1,5
"242","K8B_S13553-LC","CTAGCCTGTCTTCGTC","99:G, 209:C, 216:T, 235:C, 361:C, 408:A",6,1,5
"243","K8B_S13553-LC","GCAAACTGTATCGCAT","329:C, 286:A, 289:T, 299:C, 421:G",5,28,3
"244","K8B_S13553-LC","GCAAACTGTATCGCAT","329:G, 286:G, 289:A, 299:G, 421:C",5,18,3
"245","K8B_S13553-LC","GCAAACTGTATCGCAT","329:G, 286:G, 289:A, 299:G, 421:G",5,2,3
"246","K8B_S13553-LC","GCGCGATTCTCCCTGA","173:G, 243:G, 273:A, 97:C, 385:A",5,14,3
"247","K8B_S13553-LC","GCGCGATTCTCCCTGA","173:A, 243:A, 273:G, 97:T, 385:G",5,16,3
"248","K8B_S13553-LC","GCGCGATTCTCCCTGA","173:A, 243:A, 273:G, 97:T, 385:A",5,2,3
"249","K8B_S13553-LC","GCGGGTTTCTTGGGTA","213:C, 183:G, 243:A, 360:C",4,28,3
"250","K8B_S13553-LC","GCGGGTTTCTTGGGTA","213:G, 183:C, 243:G, 360:A",4,14,3
"251","K8B_S13553-LC","GCGGGTTTCTTGGGTA","213:C, 183:G, 243:A, 360:A",4,2,3
"252","K8B_S13553-LC","GGGATGAGTCGAAAGC","209:C, 235:C, 323:C, 168:T",4,20,3
"253","K8B_S13553-LC","GGGATGAGTCGAAAGC","209:T, 235:T, 323:G, 168:C",4,20,3
"254","K8B_S13553-LC","GGGATGAGTCGAAAGC","209:C, 235:T, 323:C, 168:C",4,1,3
"255","K8B_S13553-LC","GTCGGGTTCACTCTTA","108:G, 222:C",2,11,3
"256","K8B_S13553-LC","GTCGGGTTCACTCTTA","108:A, 222:G",2,30,3
"257","K8B_S13553-LC","GTCGGGTTCACTCTTA","108:G, 222:G",2,1,3
"258","K8B_S13553-LC","GTGCAGCAGGTAGCTG","337:C, 148:T",2,28,3
"259","K8B_S13553-LC","GTGCAGCAGGTAGCTG","337:T, 148:C",2,22,3
"260","K8B_S13553-LC","GTGCAGCAGGTAGCTG","337:C, 148:C",2,1,3
"261","K8B_S13553-LC","TCTGGAAGTCGGATCC","185:A, 242:G",2,41,3
"262","K8B_S13553-LC","TCTGGAAGTCGGATCC","185:T, 242:T",2,21,3
"263","K8B_S13553-LC","TCTGGAAGTCGGATCC","185:A, 242:T",2,3,3
"264","K8B_S13553-LC","TGACGGCTCTCGCATC","431:G, 320:G",2,18,3
"265","K8B_S13553-LC","TGACGGCTCTCGCATC","431:A, 320:A",2,14,3
"266","K8B_S13553-LC","TGACGGCTCTCGCATC","431:G, 320:A",2,1,3
"267","K8B_S13553-LC","TGACTTTCAATCGAAA","183:A, 369:C",2,29,3
"268","K8B_S13553-LC","TGACTTTCAATCGAAA","183:G, 369:T",2,22,3
"269","K8B_S13553-LC","TGACTTTCAATCGAAA","183:G, 369:C",2,1,3
"270","K8B_S13553-LC","TGAGAGGGTCTGATTG","198:G, 166:G, 361:T",3,33,3
"271","K8B_S13553-LC","TGAGAGGGTCTGATTG","198:A, 166:C, 361:G",3,18,3
"272","K8B_S13553-LC","TGAGAGGGTCTGATTG","198:A, 166:G, 361:T",3,1,3
"273","K8B_S13553-LC","TGCCCTACAACTGCTA","362:C, 286:C, 298:A, 299:C, 294:A, 246:C, 353:T",7,41,3
"274","K8B_S13553-LC","TGCCCTACAACTGCTA","362:T, 286:G, 298:G, 299:G, 294:G, 246:A, 353:G",7,21,3
"275","K8B_S13553-LC","TGCCCTACAACTGCTA","362:C, 286:G, 298:G, 299:G, 294:G, 246:A, 353:G",7,1,3
"276","K8B_S13553-LC","TTAACTCTCGGTCCGA","211:G, 340:G, 245:C, 181:T, 207:C, 224:C",6,21,3
"277","K8B_S13553-LC","TTAACTCTCGGTCCGA","211:C, 340:A, 245:G, 181:G, 207:G, 224:G",6,35,3
"278","K8B_S13553-LC","TTAACTCTCGGTCCGA","211:C, 340:G, 245:G, 181:G, 207:G, 224:G",6,1,3
